{"model_data": {"model": "SimpleRNN", "input_size": 1, "skip": 1, "output_size": 1, "unit_type": "GRU", "num_layers": 1, "hidden_size": 10, "bias_fl": true}, "state_dict": {"rec.weight_ih_l0": [[0.7479724884033203], [-0.0730532556772232], [0.5504955649375916], [0.13966473937034607], [0.20977182686328888], [0.3747514486312866], [-1.280100703239441], [1.1074477434158325], [-0.1493494212627411], [-0.5920213460922241], [0.706543505191803], [-0.17884807288646698], [-0.2927273213863373], [-0.13357675075531006], [0.1917313039302826], [-0.20594897866249084], [1.02849280834198], [0.8922287821769714], [0.5944088697433472], [1.4768784046173096], [-0.0980333760380745], [-0.5901158452033997], [-0.11957715451717377], [-0.07205624133348465], [1.178649663925171], [0.10847224295139313], [1.2677711248397827], [-0.8172708749771118], [1.7194712162017822], [-0.5541977882385254]], "rec.weight_hh_l0": [[-0.9018021821975708, -0.06493546068668365, -0.5547903776168823, 0.6716000437736511, 1.6472026109695435, 0.5065391659736633, -0.8374375700950623, 1.1833600997924805, -0.3774881660938263, 0.3139607012271881], [-0.6820076704025269, 0.7349637150764465, 0.2102695107460022, -0.2983342707157135, 0.28931185603141785, -0.3246721923351288, -0.6866377592086792, -0.5843008756637573, 1.0613306760787964, 1.348459243774414], [0.5647835731506348, -0.9894552826881409, 0.9672750234603882, -0.1609429568052292, -0.30226805806159973, 0.09021864831447601, -0.9987658858299255, -1.4276107549667358, -0.5990658402442932, -0.6690551042556763], [0.6294887065887451, 0.6097906231880188, 0.049441538751125336, -0.01200270839035511, -0.3010023832321167, -0.16319090127944946, -0.11192227154970169, -0.28059256076812744, 0.5804636478424072, -0.047057658433914185], [0.5447279214859009, -0.14048951864242554, -0.22620946168899536, -0.14738768339157104, -0.4829508364200592, 0.032993070781230927, 0.41714513301849365, -0.35086753964424133, -0.19617240130901337, 0.2647351920604706], [0.6481590867042542, -0.025529397651553154, 0.7042880654335022, 0.7763736248016357, -0.21895012259483337, 0.3884582221508026, -0.49268555641174316, -0.41885724663734436, -0.6876649856567383, -0.27802354097366333], [-0.7633589506149292, 0.36265435814857483, 0.1787952184677124, -0.07245145738124847, -0.2002304643392563, 0.34565043449401855, -0.1040697991847992, -0.1226014643907547, 0.6298717260360718, -1.5307340621948242], [-0.27081525325775146, 0.5926355123519897, -0.3907488286495209, 0.028448229655623436, -1.576075553894043, 0.17572695016860962, 1.3122607469558716, -0.17150266468524933, 0.8302708268165588, -0.15213258564472198], [-0.40081802010536194, 1.4891859292984009, -0.26261547207832336, 0.21260492503643036, -0.19385257363319397, -0.16048957407474518, -0.27662235498428345, 0.31398364901542664, -0.14127808809280396, 0.37959182262420654], [0.13498732447624207, -0.18941569328308105, 0.717970609664917, -0.0019674082286655903, -0.18352444469928741, 0.07363611459732056, -0.4490993618965149, -0.7836197018623352, -0.0926748514175415, -0.2811415493488312], [-1.3193559646606445, 0.5250498056411743, 0.09356788545846939, -0.19296765327453613, 0.49176639318466187, 0.2280382215976715, -0.8846166729927063, -0.14577752351760864, -0.2840803563594818, 0.472634881734848], [-1.6204935312271118, 0.22432459890842438, -0.10005666315555573, -0.030489781871438026, 0.6607336401939392, 0.7124801874160767, -1.1925078630447388, -0.09589584171772003, -0.46228381991386414, 0.20092791318893433], [0.5533835291862488, 0.17492154240608215, -0.6933982372283936, -0.21120449900627136, 0.9141735434532166, -0.08784234523773193, -0.43412864208221436, 0.7407522797584534, 0.5400081276893616, 0.04474947974085808], [0.11783396452665329, 0.627936840057373, 0.35104164481163025, -0.13731752336025238, -0.5027928352355957, -0.14178825914859772, 0.2132391780614853, -0.075910784304142, 0.018684938549995422, -0.40553247928619385], [-0.24880020320415497, -0.23659346997737885, 0.09607405960559845, -0.0447540245950222, 0.05899136886000633, 0.18151813745498657, -0.6770391464233398, 0.071031853556633, -0.0349876768887043, 0.3785191774368286], [0.21682730317115784, 0.8745007514953613, 0.5798262357711792, -0.1552872210741043, -0.036051392555236816, -0.2467036247253418, -0.4787418246269226, -0.4527323246002197, -0.5578587055206299, 0.21707050502300262], [-0.4844985902309418, 0.14440718293190002, 0.1381295621395111, -0.0963423103094101, -0.08270800113677979, 0.06190198287367821, -0.9498934745788574, -0.4195800721645355, -0.2312292754650116, 0.0944962128996849], [0.7896497845649719, -0.23773354291915894, -0.02848500944674015, 0.021968750283122063, -0.456698477268219, -0.19699816405773163, 0.6865733861923218, 0.9211195111274719, -0.19366098940372467, -0.05513651296496391], [-0.42586585879325867, 1.548259973526001, -0.47167736291885376, 0.053554873913526535, -0.11552287638187408, 0.009154411032795906, -0.076291523873806, -0.5359236001968384, -0.5747228860855103, -0.3791326880455017], [0.8133620023727417, 1.3056306838989258, 0.008658994920551777, -0.3440571129322052, -0.7976670861244202, -0.2655450701713562, -2.261798143386841, -1.1281274557113647, 0.09500432759523392, -0.046315472573041916], [0.8703258037567139, -0.6491057276725769, 0.06507191061973572, 0.31787872314453125, 1.0715776681900024, 0.8691484928131104, -0.8806095719337463, 0.2029193937778473, 0.6364568471908569, 0.07479700446128845], [0.4037627577781677, 0.7493972182273865, -1.0735342502593994, 0.4867249131202698, -0.5251295566558838, 0.20622284710407257, 0.3428574204444885, 0.2074074000120163, 2.060436725616455, -0.7596182823181152], [-0.45241954922676086, -1.2876811027526855, 1.4281845092773438, 0.2946906089782715, 0.6827434301376343, 0.0470195934176445, 0.4161311686038971, 0.6479640603065491, -1.8201695680618286, -0.02430076152086258], [-0.9508165717124939, -0.21449443697929382, 0.01623011939227581, 1.167003870010376, 0.10625198483467102, -1.1300461292266846, -0.14543604850769043, -0.12744127213954926, 0.2771025002002716, 0.20255915820598602], [-0.4289117753505707, 0.27444151043891907, -0.05140480026602745, -0.44532904028892517, 0.5759177803993225, -0.09732552617788315, 0.02934996597468853, -0.6131647825241089, 0.6200955510139465, 1.4738537073135376], [-0.2747379541397095, -0.1337171196937561, -0.0471496507525444, 1.4683952331542969, -0.3631921708583832, 1.108339548110962, 0.15255197882652283, 0.24046309292316437, -0.08785026520490646, 0.14783623814582825], [0.6807715892791748, -0.3095565438270569, -0.814306914806366, 0.0463220439851284, -0.9070742726325989, -0.2667466700077057, 0.3913591802120209, 0.6773160696029663, 0.546899676322937, 0.1059102714061737], [0.8017591834068298, 0.4694167673587799, -1.112372636795044, 0.2859402894973755, 0.07943706214427948, -0.2180807739496231, -0.3347916901111603, 0.3251124322414398, 0.3011832535266876, -1.0673012733459473], [-0.33550116419792175, -0.24762141704559326, 0.23507466912269592, -0.3396604061126709, -1.6122525930404663, -0.1676667332649231, -1.2451653480529785, 1.040250539779663, 1.2833820581436157, -0.3917263150215149], [0.21838214993476868, 0.233206108212471, -0.4117131531238556, 0.11892101913690567, -0.8164874315261841, -0.1939774602651596, 0.06523287296295166, -0.0966106578707695, 1.1449668407440186, 0.9795212745666504]], "rec.bias_ih_l0": [0.6055076122283936, 0.2447478175163269, 0.7914997339248657, 0.08217017352581024, 0.5388509035110474, 0.592741847038269, -0.32898393273353577, 0.09741329401731491, 0.9925017952919006, 0.12674503028392792, -0.37448424100875854, -0.3319593667984009, -0.40641677379608154, 1.9920167922973633, 0.30677884817123413, 1.8586968183517456, -0.37182024121284485, -0.008490089327096939, -0.7123987078666687, 1.4943909645080566, 0.10254425555467606, 0.31594380736351013, 0.5230562090873718, 0.03645213320851326, 0.10353418439626694, -0.10006462037563324, -0.06807594001293182, 0.15427857637405396, -0.8257570862770081, 0.009545504115521908],