{"current_epoch": 78, "training_losses": [1.4273346662521362, 0.3202161490917206, 0.2725955843925476, 0.094763845205307, 0.07308126240968704, 0.06896418333053589, 0.07390743494033813, 0.06574926525354385, 0.06462693959474564, 0.06204698234796524, 0.08744342625141144, 0.061346251517534256, 0.06195036321878433, 0.06159982085227966, 0.060449980199337006, 0.07061374187469482, 0.07379455119371414, 0.059747230261564255, 0.06322313845157623, 0.06312698870897293, 0.06020801514387131, 0.05969392508268356, 0.060361556708812714, 0.06434456259012222, 0.05772363021969795, 0.05988364666700363, 0.06150178983807564, 0.058444611728191376, 0.057090967893600464, 0.06067834049463272, 0.05873226374387741, 0.05766171216964722, 0.05972457677125931, 0.05824510380625725, 0.05696308612823486, 0.0594344437122345, 0.05590159818530083, 0.058043401688337326, 0.059318698942661285, 0.05694173648953438, 0.05739855021238327, 0.05510488152503967, 0.06148260086774826, 0.05613519996404648, 0.056843310594558716, 0.05635527893900871, 0.05942042917013168, 0.05812389403581619, 0.0605199933052063, 0.05750767141580582, 0.05551549792289734, 0.058438777923583984, 0.0556623637676239, 0.05442621186375618, 0.056323714554309845, 0.055726151913404465, 0.05637886002659798, 0.05920794606208801, 0.05440550297498703, 0.06092321127653122, 0.05678417533636093, 0.05657332018017769, 0.056009940803050995, 0.057616591453552246, 0.0561613030731678, 0.0572538897395134, 0.055903129279613495, 0.058273352682590485, 0.056076306849718094, 0.05650520324707031, 0.057657450437545776, 0.05779440328478813, 0.054624103009700775, 0.060300540179014206, 0.055195342749357224, 0.057108450680971146, 0.05805136635899544, 0.054823435842990875], "validation_losses": [0.20740920305252075, 0.034892287105321884, 0.030332664027810097, 0.03663227707147598, 0.029675470665097237, 0.02949317917227745, 0.03605618700385094, 0.04980848357081413, 0.029757071286439896, 0.03244669735431671, 0.03340218961238861, 0.03110627830028534, 0.026599233970046043, 0.027908403426408768, 0.030075039714574814, 0.03747144341468811, 0.029866499826312065, 0.031749315559864044, 0.028518741950392723, 0.031196245923638344, 0.027413910254836082, 0.02892373688519001, 0.026975538581609726, 0.028511783108115196, 0.027447408065199852, 0.029613593593239784, 0.027241211384534836, 0.027338841930031776, 0.028336210176348686, 0.028641022741794586, 0.028261879459023476, 0.03267254680395126, 0.026736130937933922, 0.028011133894324303, 0.027576882392168045, 0.0268088448792696, 0.026937182992696762, 0.027348531410098076, 0.0273614302277565], "train_av_time": 61.98385453224182, "val_av_time": 38.13000285625458, "total_time": 1.0908451645904116, "best_val_loss": 0.026599233970046043, "test_loss": 0, "test_loss_final": 0.0273614302277565, "test_lossESR_final": 0.03640032559633255, "test_loss_best": 0.026599233970046043, "test_lossESR_best": 0.03538311645388603}