{"current_epoch": 114, "training_losses": [0.22347544133663177, 0.06774019449949265, 0.05548816919326782, 0.05984499305486679, 0.05614379793405533, 0.056851062923669815, 0.03804701194167137, 0.03381378948688507, 0.02779274992644787, 0.027854057028889656, 0.026333611458539963, 0.03968362510204315, 0.02598561719059944, 0.031374718993902206, 0.0322713702917099, 0.02680087275803089, 0.023931443691253662, 0.025951595976948738, 0.025158166885375977, 0.025843597948551178, 0.025016747415065765, 0.13970084488391876, 0.05039933696389198, 0.030633486807346344, 0.025107484310865402, 0.02410493604838848, 0.023701665922999382, 0.023840682581067085, 0.022153209894895554, 0.02248968929052353, 0.022192595526576042, 0.02368289791047573, 0.02327582985162735, 0.022745441645383835, 0.022348841652274132, 0.023412620648741722, 0.02184676006436348, 0.0238227266818285, 0.024865372106432915, 0.023259781301021576, 0.059558507055044174, 0.02310819737613201, 0.021836213767528534, 0.022989390417933464, 0.022234288975596428, 0.024636657908558846, 0.022750480100512505, 0.02083805575966835, 0.021666601300239563, 0.02273138239979744, 0.022480320185422897, 0.020939454436302185, 0.022974766790866852, 0.02245938964188099, 0.027878720313310623, 0.023074166849255562, 0.022881237789988518, 0.022308727726340294, 0.024473803117871284, 0.021956801414489746, 0.02248276025056839, 0.021467192098498344, 0.02289658598601818, 0.02314084954559803, 0.023308414965867996, 0.022736240178346634, 0.025762926787137985, 0.022507892921566963, 0.02560509368777275, 0.024316541850566864, 0.020966103300452232, 0.027785705402493477, 0.022690389305353165, 0.021626515313982964, 0.023427270352840424, 0.022666431963443756, 0.022117458283901215, 0.020875241607427597, 0.021609021350741386, 0.02159634605050087, 0.026846982538700104, 0.024405281990766525, 0.020977450534701347, 0.022220566868782043, 0.021215427666902542, 0.02091640792787075, 0.020819934085011482, 0.02355167083442211, 0.025289176031947136, 0.022230438888072968, 0.02146044373512268, 0.020934106782078743, 0.022024165838956833, 0.02140287682414055, 0.020772574469447136, 0.022824661806225777, 0.021762916818261147, 0.020814144983887672, 0.020823897793889046, 0.02143605798482895, 0.022536905482411385, 0.020723877474665642, 0.021303782239556313, 0.019914573058485985, 0.0202652420848608, 0.020722521468997, 0.02087833546102047, 0.02167055755853653, 0.021762831136584282, 0.020224398002028465, 0.021216273307800293, 0.021622030064463615, 0.01995290070772171, 0.020464269444346428], "validation_losses": [0.036393243819475174, 0.040162600576877594, 0.020015420392155647, 0.017721721902489662, 0.020974572747945786, 0.01608717441558838, 0.024114783853292465, 0.020746422931551933, 0.023851284757256508, 0.01811033859848976, 0.06379301846027374, 0.01565949246287346, 0.014683455228805542, 0.015105822123587132, 0.01594461500644684, 0.013855790719389915, 0.013568813912570477, 0.014616121537983418, 0.02035806141793728, 0.017177889123558998, 0.01484812144190073, 0.019264250993728638, 0.028592046350240707, 0.016108984127640724, 0.013096589595079422, 0.013021491467952728, 0.014245349913835526, 0.015114566311240196, 0.013478925451636314, 0.016155805438756943, 0.012871847487986088, 0.01602681539952755, 0.015477083623409271, 0.01461357157677412, 0.017019420862197876, 0.014682896435260773, 0.014541746117174625, 0.013438446447253227, 0.014668219722807407, 0.013152810744941235, 0.015257582999765873, 0.013922732323408127, 0.013202319853007793, 0.016591163352131844, 0.014193966053426266, 0.01358860731124878, 0.01337524689733982, 0.013749736361205578, 0.013621816411614418, 0.013322899118065834, 0.013188245706260204, 0.013262371532619, 0.013379435986280441, 0.013634100556373596, 0.013279763981699944, 0.014128285460174084, 0.01330702006816864], "train_av_time": 59.67583405971527, "val_av_time": 35.252155900001526, "total_time": 1.6866476205322474, "best_val_loss": 0.012871847487986088, "test_loss": 0, "test_loss_final": 0.01330702006816864, "test_lossESR_final": 0.017741838470101357, "test_loss_best": 0.012871847487986088, "test_lossESR_best": 0.017158636823296547}