{"model_data": {"model": "SimpleRNN", "input_size": 2, "skip": 1, "output_size": 1, "unit_type": "GRU", "num_layers": 1, "hidden_size": 10, "bias_fl": true}, "state_dict": {"rec.weight_ih_l0": [[0.06363222748041153, 0.6500237584114075], [0.39937734603881836, -0.6453136801719666], [-0.11426252126693726, 0.8105797171592712], [-0.12278939038515091, -0.09352568536996841], [0.07342713326215744, 0.5365918874740601], [0.1417534202337265, -0.0638810321688652], [0.21425284445285797, 0.233228862285614], [-0.12750284373760223, -0.1684565544128418], [-0.0028587053529918194, 0.1213950514793396], [0.1256677806377411, 0.8763799667358398], [0.40511399507522583, -0.8519418835639954], [0.013489293865859509, 0.1421743631362915], [0.037870414555072784, -0.40503230690956116], [-0.04589049145579338, -0.20774127542972565], [-0.06605372577905655, 0.21248359978199005], [0.18046225607395172, 0.23965735733509064], [0.05211751535534859, 0.4099887013435364], [0.12252447754144669, -0.46281686425209045], [-0.008468166925013065, -0.3920784294605255], [-0.2905372679233551, 1.8488895893096924], [-0.3151687681674957, -0.4948001503944397], [1.8560881614685059, 0.3723365366458893], [-1.2081835269927979, 0.07374564558267593], [0.10171446949243546, 0.20467761158943176], [0.6089963316917419, -0.8379332423210144], [-0.24637790024280548, -0.1531854271888733], [-0.2159339338541031, 0.07282278686761856], [0.23503586649894714, 1.1342980861663818], [-0.8025035858154297, 0.8983761072158813], [0.6538275480270386, -0.32277897000312805]], "rec.weight_hh_l0": [[0.5743970274925232, 0.22308902442455292, -0.11452756077051163, -0.5443652272224426, -0.4385826289653778, -0.21184465289115906, -0.1785784661769867, -0.595247745513916, 0.06035792455077171, 0.17626060545444489], [-0.10300780832767487, -0.36641913652420044, 0.06278558075428009, 0.24505889415740967, 0.6952089071273804, -0.05046011134982109, 0.613338828086853, -0.2451743185520172, -0.09842216968536377, 0.30368345975875854], [0.27195870876312256, 0.07845184952020645, -0.07393961399793625, -0.06089000776410103, -0.6061297059059143, 0.3990238904953003, -0.3194732964038849, -0.34085163474082947, -0.0028259209357202053, -0.13193735480308533], [0.7819966077804565, -0.15052446722984314, 0.7544478178024292, -0.3994080424308777, 0.4032417833805084, 0.6859727501869202, 0.06291699409484863, -0.04048383608460426, 1.1790766716003418, 0.18801340460777283], [-0.166770800948143, 0.37352582812309265, -0.17772136628627777, -0.03940623253583908, -0.6869756579399109, -0.36833056807518005, -0.6638898849487305, 0.6090539693832397, -0.09404091536998749, 0.003653627820312977], [-1.2527867555618286, -0.019476700574159622, -0.28259241580963135, -0.10856667160987854, -0.289305180311203, 0.1516629159450531, 0.31086021661758423, -0.054705701768398285, -0.9028207659721375, -0.2685054540634155], [0.23269160091876984, 0.3370533287525177, -0.23559880256652832, 0.02294701337814331, -0.15446048974990845, 0.17996861040592194, -0.2604424059391022, 0.5701783299446106, -0.2329937219619751, 0.3329317271709442], [-0.9572837352752686, 0.018600016832351685, 0.9555897116661072, 0.20193469524383545, -0.05875817686319351, 0.5751630663871765, 0.08733895421028137, -0.5729671716690063, -0.7925117611885071, 0.5872684717178345], [-0.5965187549591064, 0.20655576884746552, 0.27165111899375916, 0.09233473986387253, -1.0317755937576294, 0.30082476139068604, -0.19153696298599243, -0.520302414894104, 0.10185928642749786, -0.04449864476919174], [-0.354828804731369, -0.08766774833202362, -0.4191465675830841, -0.34983789920806885, 0.3500964939594269, -0.03938816860318184, -0.8604559898376465, 0.7443515658378601, -0.0659247562289238, 0.20013529062271118], [-1.586999773979187, -0.24629278481006622, -0.1967429667711258, -0.1518523246049881, -1.0081572532653809, -0.23678940534591675, -0.07169417291879654, 0.6164978742599487, -0.7698422074317932, -0.006099507678300142], [0.254830539226532, -0.0859832912683487, -0.18712367117404938, 0.13966473937034607, 0.2857261896133423, -0.07719516009092331, 0.25038307905197144, 0.8074567914009094, 0.6842546463012695, 0.013905167579650879], [1.3401691913604736, -0.005159257911145687, -0.12470169365406036, -0.09787648171186447, 0.11254379153251648, -0.6632779240608215, 0.4500944912433624, -0.001910945400595665, 0.1558043360710144, 0.08462382107973099], [1.1535618305206299, -0.007735313847661018, 0.09424435347318649, -0.337192177772522, 0.3388339579105377, -0.2396237701177597, 0.3164719045162201, -0.36122626066207886, 0.6114687323570251, 0.12109839171171188], [-0.007263186853379011, -0.1384894698858261, -0.15565994381904602, 0.4228931963443756, 0.13616549968719482, 0.3064436912536621, -0.4332022964954376, 0.5594964623451233, -0.5839869976043701, 0.03247268125414848], [-0.9666810035705566, 0.011480966582894325, 0.08618878573179245, 0.2596430778503418, -0.14979635179042816, -0.019987089559435844, 0.10601183027029037, -0.31502699851989746, -0.5506903529167175, -0.01630106382071972], [-0.5760337114334106, 0.4769437611103058, 0.41039803624153137, 0.11799924075603485, -0.3997074365615845, 0.05067430064082146, -1.6533735990524292, -1.666190266609192, -1.1227725744247437, -0.2611932158470154], [-0.05072774738073349, -0.0338054820895195, -0.5245567560195923, 0.05940035730600357, 0.3560524880886078, 0.0011171101359650493, 0.04019789770245552, 0.13319912552833557, -0.18115828931331635, -0.007153683807700872], [-0.1730901598930359, -0.1370202898979187, 0.11870808899402618, 0.10418989509344101, 0.27759402990341187, -0.02513900026679039, 0.3025292158126831, 0.22214393317699432, 0.014780010096728802, -0.03904542699456215], [0.2530122399330139, 0.1493234783411026, -0.6296346187591553, -0.3772954046726227, -1.4346086978912354, 0.2929932475090027, 0.24029695987701416, -0.09717632085084915, -0.07547871768474579, 0.48549002408981323], [1.2828527688980103, 1.3290846347808838, -2.3566107749938965, -0.029535751789808273, -0.45036765933036804, -0.1417287290096283, 1.1528823375701904, -0.18917964398860931, 0.10362564772367477, -0.9542677998542786], [-0.033444974571466446, 0.40110525488853455, 0.8244600296020508, 0.07001939415931702, 0.31301549077033997, -0.03465810418128967, -0.5856436491012573, -0.23046235740184784, -0.19976937770843506, 0.0224824920296669], [0.10817094892263412, -1.1361579895019531, 0.9224463701248169, 0.01206903625279665, -0.0009368642931804061, -0.012556569650769234, -0.35262084007263184, -0.08386841416358948, -0.08679013699293137, 2.516968011856079], [-0.9353644847869873, 0.32688021659851074, -0.42849311232566833, 0.8625155687332153, -0.17609502375125885, 0.9965682625770569, -0.3382435441017151, 0.5010921955108643, -0.7193567156791687, -0.2636919617652893], [-0.18775157630443573, 0.4082590937614441, -0.5308002829551697, 0.009712662547826767, 0.8782067894935608, -0.30587145686149597, -0.057046983391046524, 0.2069340944290161, 0.9551601409912109, -0.23841902613639832], [-0.7299187183380127, 0.39680448174476624, 0.5129997134208679, 0.9669811725616455, -0.40248075127601624, 0.24441856145858765, -0.17633384466171265, -0.5046879053115845, -0.1050105020403862, -0.026229655370116234], [-1.0837006568908691, -0.40165767073631287, 0.0391838401556015, 0.09103309363126755, -0.28797540068626404, 0.20481042563915253, 1.165347933769226, 0.23274539411067963, -0.4242825508117676, -0.05725859850645065], [-1.1049449443817139, 0.036804843693971634, 0.357112854719162, 0.3424132764339447, 0.7351651191711426, -0.08207308501005173, -0.10858607292175293, 0.6001627445220947, -0.25905269384384155, -0.2065642923116684], [0.7176415920257568, 0.8732095956802368, -0.5854754447937012, -0.0736183226108551, -0.47133082151412964, 0.032879237085580826, 0.18420250713825226, 0.33154621720314026, 0.6081444621086121, -0.11247405409812927], [0.3382842242717743, 0.33836808800697327, -0.49569016695022583, 0.3109542429447174, -0.21222467720508575, -0.20572549104690552, -1.002474069595337, -0.2619348466396332, 0.15651078522205353, 0.49305471777915955]],