{"model_data": {"model": "SimpleRNN", "input_size": 1, "skip": 1, "output_size": 1, "unit_type": "GRU", "num_layers": 1, "hidden_size": 10, "bias_fl": true}, "state_dict": {"rec.weight_ih_l0": [[0.09593036025762558], [-0.0029909980949014425], [-0.09231877326965332], [0.11720264703035355], [3.1741916473038145e-07], [0.03284050151705742], [0.1387035846710205], [0.08651918917894363], [-0.1094292551279068], [-0.07486020028591156], [0.018738534301519394], [0.03185277804732323], [-0.013366790488362312], [0.074915312230587], [0.0053613693453371525], [0.043230485171079636], [0.07759927958250046], [-0.1726832091808319], [-0.02409122884273529], [0.033075958490371704], [-0.22182729840278625], [0.562620997428894], [-0.3626820743083954], [0.15140385925769806], [1.7568267583847046], [1.1088528633117676], [0.670673668384552], [0.5206934809684753], [0.745530366897583], [-0.6934604048728943]], "rec.weight_hh_l0": [[-0.13093744218349457, 0.05148792266845703, -0.27341777086257935, -0.09424649924039841, 0.05969676002860069, -0.6221919059753418, 0.32918086647987366, -0.18242596089839935, -0.5468787550926208, -0.08473605662584305], [-0.012202739715576172, -0.48370933532714844, 0.09591850638389587, 0.014524290338158607, -0.058099668473005295, -0.01320950873196125, -0.03591245412826538, 0.16033758223056793, 0.17661648988723755, -0.09580697864294052], [0.05250314250588417, 0.05779041349887848, 0.1677226424217224, -0.053043317049741745, -0.17416726052761078, 0.11605743318796158, -0.09903717041015625, 0.15177808701992035, 0.3630480468273163, -0.13274118304252625], [-0.012617678381502628, 0.03499399870634079, 0.07619292289018631, 0.2348526120185852, 0.14802908897399902, -0.09216168522834778, 0.23567086458206177, 0.06566911935806274, -0.17267975211143494, -0.16804979741573334], [0.003066783072426915, -0.2096077799797058, 0.028187135234475136, 0.2190077304840088, -0.0923483595252037, -0.04054718464612961, 0.17783567309379578, -0.10527656972408295, 0.012032601051032543, 0.10006332397460938], [-0.29003259539604187, -0.18972091376781464, 0.18592727184295654, 0.6455837488174438, 0.02299431897699833, 0.04333917424082756, 0.37218615412712097, 0.014925031922757626, -0.05068989470601082, 0.006055459380149841], [-0.37701380252838135, -0.24547144770622253, 0.34604009985923767, 0.24456658959388733, 0.1687895506620407, -0.041850119829177856, 0.48524048924446106, -0.025636794045567513, 0.12007571011781693, -0.28838247060775757], [-0.10048868507146835, -0.25050851702690125, -0.5680559277534485, -0.18450848758220673, -0.1637854427099228, 0.07345692813396454, -0.255036324262619, -0.36232081055641174, -0.4991840124130249, -0.22818614542484283], [-0.11207634210586548, -0.9061235785484314, 0.06082533672451973, 0.21831800043582916, -0.2819724678993225, -0.03319801762700081, 0.16260097920894623, -0.06764823943376541, -0.7191005945205688, -0.29777970910072327], [0.2330605387687683, -0.3049308955669403, 0.2328062355518341, -0.20590387284755707, 0.05381843075156212, 0.24100756645202637, 0.1576213538646698, 0.10154662281274796, 0.337646484375, 0.0508730486035347], [-0.0640784204006195, 0.19081641733646393, 0.12053529173135757, 0.4441797435283661, -0.07234175503253937, -0.08753592520952225, 0.14296525716781616, -0.1717757284641266, -0.05113016068935394, 0.1485542207956314], [-0.220816969871521, -0.8311991095542908, 0.37745821475982666, 0.6237086653709412, 0.3513951301574707, -0.13944226503372192, 0.8940626978874207, 0.19812947511672974, 0.4731975793838501, -0.41808661818504333], [0.08528601378202438, -0.15310585498809814, 0.10537077486515045, -0.005284840706735849, -0.06975477188825607, 0.026119563728570938, 0.09822161495685577, -0.11237236112356186, -0.06171361729502678, -0.03318437188863754], [-0.047211721539497375, -0.1721240133047104, 0.26470282673835754, 0.2988039553165436, 0.030531615018844604, 0.4920383393764496, 0.19201278686523438, -0.056723177433013916, 0.7442626953125, -0.01978270523250103], [0.18666693568229675, 0.34006810188293457, -0.17704439163208008, -0.4023643732070923, 0.023094724863767624, 0.04005292430520058, -0.3352450132369995, -0.000671016052365303, -0.01954333856701851, 0.12384843081235886], [0.20567211508750916, 0.3995521068572998, -0.173179030418396, -0.48958542943000793, 0.053123269230127335, 0.01785990782082081, -0.4278658628463745, 0.041648972779512405, 0.04101955518126488, 0.05565658584237099], [-0.06848010420799255, -0.6635209918022156, 0.6009709239006042, 0.6114728450775146, -0.015302109532058239, 0.1467360556125641, 1.3381139039993286, 0.044933021068573, 0.40561798214912415, 0.03194574639201164], [-0.17195333540439606, -0.2137739658355713, 0.1127210333943367, 0.3260575830936432, -0.26186978816986084, -0.008489214815199375, 0.11305628716945648, -0.19130265712738037, -0.46905991435050964, 0.06245226785540581], [0.24315890669822693, 0.4790317118167877, -0.23390531539916992, -0.4882304072380066, 0.0017589867347851396, -0.0446506142616272, -0.4713888168334961, 0.002647087210789323, 0.0924638956785202, 0.177762970328331], [0.015309703536331654, -0.45257094502449036, 0.21021442115306854, 0.32608842849731445, -0.2581503391265869, 0.07608326524496078, -0.15673288702964783, 0.403933048248291, -0.334082692861557, -0.4111906588077545], [0.10679522901773453, -0.08298709243535995, 0.6813965439796448, -0.5500829219818115, 0.15740619599819183, 0.5879586935043335, -0.23995940387248993, 0.14681801199913025, 0.6967607736587524, 0.1109270453453064], [-0.06822792440652847, 0.37337517738342285, -0.1761748045682907, -0.005474277306348085, 0.3351175785064697, 0.9156556129455566, -0.14456120133399963, 0.21403208374977112, -0.791846513748169, -0.25151246786117554], [0.0194602832198143, 0.10052186250686646, 0.32087504863739014, -0.04375746473670006, 0.4150148332118988, -0.3560090959072113, 0.3022538423538208, 0.5741448998451233, 0.7122055888175964, -0.3634609878063202], [-0.3207034766674042, -0.34509798884391785, -0.17195069789886475, 0.41248100996017456, -0.08239353448152542, 0.043119899928569794, -0.10235219448804855, -0.26499393582344055, -0.5205608010292053, 0.2712070047855377], [0.02148454450070858, -0.2744382619857788, 0.09971252828836441, 0.037044066935777664, -0.13565964996814728, -0.6268893480300903, 0.3672409951686859, 0.016116969287395477, 0.012675736099481583, 0.7593836784362793], [-0.04048309847712517, -0.8375564813613892, -0.050826795399188995, -0.037090618163347244, 1.040237307548523, 0.5132312774658203, -0.7739994525909424, -0.11137743294239044, 0.33625009655952454, 1.0658570528030396], [-0.6706757545471191, 0.3253993093967438, 0.24791352450847626, 0.05771106854081154, 0.11777593195438385, -0.3144097924232483, 1.0454853773117065, -0.3320668637752533, -0.2589024007320404, -0.4806767404079437], [0.5219692587852478, -0.3067207336425781, 0.190943643450737, -0.4254199266433716, -0.0726967304944992, 0.08386633545160294, 0.18764525651931763, 0.2722005546092987, 0.381504088640213, -0.23698703944683075], [-0.09413494914770126, -0.048870913684368134, 0.20033185184001923, -0.22639361023902893, -0.23135358095169067, -2.544365882873535, 0.19130048155784607, 0.270346075296402, 1.8395321369171143, -0.1857890635728836], [-0.20171727240085602, -0.17950186133384705, 0.09011046588420868, 0.03371375426650047, 0.12386120855808258, -0.8131051659584045, 0.44362327456474304, -0.3029945194721222, 0.5112593770027161, 0.4701199233531952]], "rec.bias_ih_l0": [0.204491525888443, 0.24429497122764587, 0.25709840655326843, 0.260769784450531, 0.07494929432868958, 0.6555178761482239, 0.44693008065223694, -0.21119625866413116, 0.5998453497886658, -0.13887467980384827, 0.699800431728363, 0.7297293543815613, 0.028160206973552704, 0.42504504323005676, -0.5177164077758789, -0.6372608542442322, 1.616683840751648, 0.3730679154396057, -0.6987559199333191, 1.320007562637329, -0.16781656444072723, -0.4158158302307129, 0.11421971768140793, 0.3814968466758728, -0.1783570647239685, -0.0004565760609693825, 0.1955913007259369, -0.05071806162595749, 0.17650267481803894, -0.3161265254020691],